"","dep","nom","40_59","60_74","75_plus","pop_total","nb_doses_total","total_soignants","soignants_prioritaires","public","ratio_pfizer","text"
"1","75","Paris",531737,312624,174934,2142903,162605,109685,54843,229777,71,"Paris : 71 doses Pfizer/100 hab. prioritaires"
"2","59","Nord",647668,414636,197470,2598803,92185,84460,42230,239700,38,"Nord : 38 doses Pfizer/100 hab. prioritaires"
"3","13","Bouches-du-Rhône",524420,346481,207750,2048660,72625,71114,35557,243307,30,"Bouches-du-Rhône : 30 doses Pfizer/100 hab. prioritaires"
"4","69","Rhône",460710,262022,160226,1893147,69490,65879,32940,193166,36,"Rhône : 36 doses Pfizer/100 hab. prioritaires"
"5","76","Seine-Maritime",310621,221620,117029,1251224,64240,36603,18302,135331,47,"Seine-Maritime : 47 doses Pfizer/100 hab. prioritaires"
"6","33","Gironde",430841,272745,148496,1654372,62395,52476,26238,174734,36,"Gironde : 36 doses Pfizer/100 hab. prioritaires"
"7","62","Pas-de-Calais",373003,261813,119535,1455508,58370,35869,17935,137470,42,"Pas-de-Calais : 42 doses Pfizer/100 hab. prioritaires"
"8","06","Alpes-Maritimes",282948,201856,140671,1089447,49770,35709,17855,158526,31,"Alpes-Maritimes : 31 doses Pfizer/100 hab. prioritaires"
"9","31","Haute-Garonne",363716,204311,112464,1424864,49445,47987,23994,136458,36,"Haute-Garonne : 36 doses Pfizer/100 hab. prioritaires"
"10","34","Hérault",296361,213526,123718,1196536,48085,40357,20179,143897,33,"Hérault : 33 doses Pfizer/100 hab. prioritaires"
"11","44","Loire-Atlantique",375462,232589,122375,1459116,47530,39923,19962,142337,33,"Loire-Atlantique : 33 doses Pfizer/100 hab. prioritaires"
"12","35","Ille-et-Vilaine",281947,169897,94911,1094677,45260,31615,15808,110719,41,"Ille-et-Vilaine : 41 doses Pfizer/100 hab. prioritaires"
"13","57","Moselle",278218,191514,95063,1038901,42090,28335,14168,109231,39,"Moselle : 39 doses Pfizer/100 hab. prioritaires"
"14","29","Finistère",238065,185134,100703,914376,40375,30636,15318,116021,35,"Finistère : 35 doses Pfizer/100 hab. prioritaires"
"15","83","Var",279124,221694,143992,1084899,40375,31761,15881,159873,25,"Var : 25 doses Pfizer/100 hab. prioritaires"
"16","93","Seine-Saint-Denis",424583,197794,82712,1669509,39680,31342,15671,98383,40,"Seine-Saint-Denis : 40 doses Pfizer/100 hab. prioritaires"
"17","67","Bas-Rhin",302423,195206,98826,1147820,39180,35019,17510,116336,34,"Bas-Rhin : 34 doses Pfizer/100 hab. prioritaires"
"18","38","Isère",333128,204537,113331,1271577,38930,34025,17013,130344,30,"Isère : 30 doses Pfizer/100 hab. prioritaires"
"19","77","Seine-et-Marne",382406,204535,93769,1432577,38435,26926,13463,107232,36,"Seine-et-Marne : 36 doses Pfizer/100 hab. prioritaires"
"20","78","Yvelines",395595,209598,117582,1453311,38145,31176,15588,133170,29,"Yvelines : 29 doses Pfizer/100 hab. prioritaires"
"21","54","Meurthe-et-Moselle",182558,125835,66210,730036,36640,24845,12423,78633,47,"Meurthe-et-Moselle : 47 doses Pfizer/100 hab. prioritaires"
"22","17","Charente-Maritime",165787,150311,87224,652541,35225,17968,8984,96208,37,"Charente-Maritime : 37 doses Pfizer/100 hab. prioritaires"
"23","64","Pyrénées-Atlantiques",182992,134189,83990,688627,34940,23574,11787,95777,36,"Pyrénées-Atlantiques : 36 doses Pfizer/100 hab. prioritaires"
"24","91","Essonne",346610,178406,94086,1315683,34205,28242,14121,108207,32,"Essonne : 32 doses Pfizer/100 hab. prioritaires"
"25","14","Calvados",173059,132823,71195,692932,32630,22259,11130,82325,40,"Calvados : 40 doses Pfizer/100 hab. prioritaires"
"26","56","Morbihan",199052,164909,88169,763095,32590,23197,11599,99768,33,"Morbihan : 33 doses Pfizer/100 hab. prioritaires"
"27","94","Val-de-Marne",367282,190113,98705,1418960,32525,39406,19703,118408,27,"Val-de-Marne : 27 doses Pfizer/100 hab. prioritaires"
"28","95","Val-d'Oise",324390,169151,74082,1260269,31735,25561,12781,86863,37,"Val-d'Oise : 37 doses Pfizer/100 hab. prioritaires"
"29","49","Maine-et-Loire",205061,141054,83783,819824,31150,23924,11962,95745,33,"Maine-et-Loire : 33 doses Pfizer/100 hab. prioritaires"
"30","30","Gard",195309,149843,82084,750776,30695,21479,10740,92824,33,"Gard : 33 doses Pfizer/100 hab. prioritaires"
"31","42","Loire",189850,137664,84214,765297,30460,23570,11785,95999,32,"Loire : 32 doses Pfizer/100 hab. prioritaires"
"32","22","Côtes-d'Armor",153504,131377,74345,599149,30320,18154,9077,83422,36,"Côtes-d'Armor : 36 doses Pfizer/100 hab. prioritaires"
"33","66","Pyrénées-Orientales",122446,100175,62217,480318,28420,15352,7676,69893,41,"Pyrénées-Orientales : 41 doses Pfizer/100 hab. prioritaires"
"34","85","Vendée",177840,147320,78791,691298,28085,16821,8411,87202,32,"Vendée : 32 doses Pfizer/100 hab. prioritaires"
"35","21","Côte-d'Or",133512,96205,53906,532266,26430,16801,8401,62307,42,"Côte-d'Or : 42 doses Pfizer/100 hab. prioritaires"
"36","50","Manche",126041,103757,60468,491532,26235,14774,7387,67855,39,"Manche : 39 doses Pfizer/100 hab. prioritaires"
"37","63","Puy-de-Dôme",170387,123540,68376,669648,26050,21016,10508,78884,33,"Puy-de-Dôme : 33 doses Pfizer/100 hab. prioritaires"
"38","27","Eure",159015,108645,51615,595218,25955,10828,5414,57029,46,"Eure : 46 doses Pfizer/100 hab. prioritaires"
"39","71","Saône-et-Loire",140826,116492,69790,547409,25420,15927,7964,77754,33,"Saône-et-Loire : 33 doses Pfizer/100 hab. prioritaires"
"40","68","Haut-Rhin",207913,138661,71172,764044,24170,21401,10701,81873,30,"Haut-Rhin : 30 doses Pfizer/100 hab. prioritaires"
"41","37","Indre-et-Loire",154385,110891,64016,609628,24020,18685,9343,73359,33,"Indre-et-Loire : 33 doses Pfizer/100 hab. prioritaires"
"42","45","Loiret",173847,117286,65361,684195,23865,16687,8344,73705,32,"Loiret : 32 doses Pfizer/100 hab. prioritaires"
"43","86","Vienne",107648,80897,47730,439004,23360,13910,6955,54685,43,"Vienne : 43 doses Pfizer/100 hab. prioritaires"
"44","72","Sarthe",142923,105917,61471,562301,23035,14380,7190,68661,34,"Sarthe : 34 doses Pfizer/100 hab. prioritaires"
"45","60","Oise",221799,136124,62470,830002,22320,17127,8564,71034,31,"Oise : 31 doses Pfizer/100 hab. prioritaires"
"46","51","Marne",141315,98574,50094,561972,21425,17319,8660,58754,36,"Marne : 36 doses Pfizer/100 hab. prioritaires"
"47","74","Haute-Savoie",230887,124896,66958,838774,21420,22874,11437,78395,27,"Haute-Savoie : 27 doses Pfizer/100 hab. prioritaires"
"48","16","Charente",90953,74000,43249,349158,21325,9141,4571,47820,45,"Charente : 45 doses Pfizer/100 hab. prioritaires"
"49","61","Orne",69821,59669,35588,275186,21160,9009,4505,40093,53,"Orne : 53 doses Pfizer/100 hab. prioritaires"
"50","02","Aisne",134183,99976,49196,525739,20885,14315,7158,56354,37,"Aisne : 37 doses Pfizer/100 hab. prioritaires"
"51","84","Vaucluse",145986,104700,61174,560814,20225,17307,8654,69828,29,"Vaucluse : 29 doses Pfizer/100 hab. prioritaires"
"52","26","Drôme",135224,96171,55454,523191,19650,15146,7573,63027,31,"Drôme : 31 doses Pfizer/100 hab. prioritaires"
"53","40","Landes",113132,89751,49885,416832,19615,11887,5944,55829,35,"Landes : 35 doses Pfizer/100 hab. prioritaires"
"54","87","Haute-Vienne",93379,75618,45082,370517,19280,14463,7232,52314,37,"Haute-Vienne : 37 doses Pfizer/100 hab. prioritaires"
"55","24","Dordogne",106520,98593,58457,410786,18815,11899,5950,64407,29,"Dordogne : 29 doses Pfizer/100 hab. prioritaires"
"56","73","Savoie",118215,78484,44097,437711,18775,14024,7012,51109,37,"Savoie : 37 doses Pfizer/100 hab. prioritaires"
"57","01","Ain",180124,106351,55430,662412,18550,13302,6651,62081,30,"Ain : 30 doses Pfizer/100 hab. prioritaires"
"58","81","Tarn",102493,78626,49198,389443,18320,12208,6104,55302,33,"Tarn : 33 doses Pfizer/100 hab. prioritaires"
"59","03","Allier",84528,73016,46528,331947,17210,11337,5669,52197,33,"Allier : 33 doses Pfizer/100 hab. prioritaires"
"60","07","Ardèche",87970,69492,39163,327878,17130,9827,4914,44077,39,"Ardèche : 39 doses Pfizer/100 hab. prioritaires"
"61","11","Aude",97962,82063,46740,377716,16975,10046,5023,51763,33,"Aude : 33 doses Pfizer/100 hab. prioritaires"
"62","28","Eure-et-Loir",113132,77265,42198,428333,16895,9745,4873,47071,36,"Eure-et-Loir : 36 doses Pfizer/100 hab. prioritaires"
"63","41","Loir-et-Cher",84786,67161,40414,326489,16665,8531,4266,44680,37,"Loir-et-Cher : 37 doses Pfizer/100 hab. prioritaires"
"64","974","La Réunion",238075,119572,45789,858450,16575,13256,6628,52417,32,"La Réunion : 32 doses Pfizer/100 hab. prioritaires"
"65","12","Aveyron",71953,60596,38883,279168,16345,10189,5095,43978,37,"Aveyron : 37 doses Pfizer/100 hab. prioritaires"
"66","80","Somme",143734,101690,51960,567410,16150,17463,8732,60692,27,"Somme : 27 doses Pfizer/100 hab. prioritaires"
"67","18","Cher",76616,63808,36910,296919,15745,7814,3907,40817,39,"Cher : 39 doses Pfizer/100 hab. prioritaires"
"68","53","Mayenne",78746,56403,34284,305521,15700,7715,3858,38142,41,"Mayenne : 41 doses Pfizer/100 hab. prioritaires"
"69","89","Yonne",86107,69819,38734,333182,15635,8736,4368,43102,36,"Yonne : 36 doses Pfizer/100 hab. prioritaires"
"70","47","Lot-et-Garonne",83883,69548,43348,329960,15615,9353,4677,48025,33,"Lot-et-Garonne : 33 doses Pfizer/100 hab. prioritaires"
"71","79","Deux-Sèvres",99208,73602,43862,374461,15610,9989,4995,48857,32,"Deux-Sèvres : 32 doses Pfizer/100 hab. prioritaires"
"72","36","Indre",55605,48953,30724,216867,15450,5662,2831,33555,46,"Indre : 46 doses Pfizer/100 hab. prioritaires"
"73","58","Nièvre",49716,47987,28996,199659,15450,6136,3068,32064,48,"Nièvre : 48 doses Pfizer/100 hab. prioritaires"
"74","88","Vosges",94395,77082,40958,359139,15350,10011,5006,45964,33,"Vosges : 33 doses Pfizer/100 hab. prioritaires"
"75","25","Doubs",136169,91169,51619,543538,15195,16362,8181,59800,25,"Doubs : 25 doses Pfizer/100 hab. prioritaires"
"76","39","Jura",68269,51404,30157,258023,15120,7235,3618,33775,45,"Jura : 45 doses Pfizer/100 hab. prioritaires"
"77","10","Aube",77380,56899,31450,310222,14745,7728,3864,35314,42,"Aube : 42 doses Pfizer/100 hab. prioritaires"
"78","32","Gers",51119,42701,26789,191439,13695,5272,2636,29425,47,"Gers : 47 doses Pfizer/100 hab. prioritaires"
"79","19","Corrèze",62004,53140,32323,239019,13690,8626,4313,36636,37,"Corrèze : 37 doses Pfizer/100 hab. prioritaires"
"80","90","Territoire de Belfort",36257,24822,13319,138620,13455,4358,2179,15498,87,"Territoire de Belfort : 87 doses Pfizer/100 hab. prioritaires"
"81","65","Hautes-Pyrénées",59573,50354,30413,229315,13390,8633,4317,34730,39,"Hautes-Pyrénées : 39 doses Pfizer/100 hab. prioritaires"
"82","08","Ardennes",69877,52915,26738,265213,13245,7229,3615,30353,44,"Ardennes : 44 doses Pfizer/100 hab. prioritaires"
"83","43","Haute-Loire",60565,47572,26317,227650,13220,6749,3375,29692,45,"Haute-Loire : 45 doses Pfizer/100 hab. prioritaires"
"84","971","Guadeloupe ",107207,72194,35872,375857,12870,6030,3015,38887,33,"Guadeloupe  : 33 doses Pfizer/100 hab. prioritaires"
"85","23","Creuse",29582,28926,16842,114490,12685,4099,2050,18892,67,"Creuse : 67 doses Pfizer/100 hab. prioritaires"
"86","82","Tarn-et-Garonne",70305,49073,27955,262265,12560,7169,3585,31540,40,"Tarn-et-Garonne : 40 doses Pfizer/100 hab. prioritaires"
"87","15","Cantal",38121,33020,20042,143366,12535,5069,2535,22577,56,"Cantal : 56 doses Pfizer/100 hab. prioritaires"
"88","972","Martinique ",102651,73174,38537,355094,10920,6469,3235,41772,26,"Martinique  : 26 doses Pfizer/100 hab. prioritaires"
"89","46","Lot",44328,42821,25544,174232,10775,5734,2867,28411,38,"Lot : 38 doses Pfizer/100 hab. prioritaires"
"90","70","Haute-Saône",62837,48318,24983,233508,10545,5910,2955,27938,38,"Haute-Saône : 38 doses Pfizer/100 hab. prioritaires"
"91","04","Alpes-de-Haute-Provence",43460,36425,21711,165767,10525,5094,2547,24258,43,"Alpes-de-Haute-Provence : 43 doses Pfizer/100 hab. prioritaires"
"92","2B","Haute-Corse",48899,35440,20994,186526,10350,4953,2477,23471,44,"Haute-Corse : 44 doses Pfizer/100 hab. prioritaires"
"93","2A","Corse-du-Sud",44916,31349,20075,162747,9800,5079,2540,22615,43,"Corse-du-Sud : 43 doses Pfizer/100 hab. prioritaires"
"94","09","Ariège",40436,33244,20071,153122,9195,4742,2371,22442,41,"Ariège : 41 doses Pfizer/100 hab. prioritaires"
"95","52","Haute-Marne",43643,36003,20190,168316,9150,4849,2425,22615,40,"Haute-Marne : 40 doses Pfizer/100 hab. prioritaires"
"96","55","Meuse",46637,37526,18861,179154,9115,5087,2544,21405,43,"Meuse : 43 doses Pfizer/100 hab. prioritaires"
"97","48","Lozère",20239,16413,9658,76557,7850,3004,1502,11160,70,"Lozère : 70 doses Pfizer/100 hab. prioritaires"
"98","05","Hautes-Alpes",37354,30049,16605,140074,7790,5801,2901,19506,40,"Hautes-Alpes : 40 doses Pfizer/100 hab. prioritaires"
"99","92","Hauts-de-Seine",432604,215286,119707,1633217,7395,44220,22110,141817,5,"Hauts-de-Seine : 5 doses Pfizer/100 hab. prioritaires"
"100","973","Guyane",62205,22613,6501,294071,5655,2828,1414,7915,71,"Guyane : 71 doses Pfizer/100 hab. prioritaires"
"101","976","Mayotte",44315,9827,2601,288926,4680,1191,596,3197,146,"Mayotte : 146 doses Pfizer/100 hab. prioritaires"
